target,n,r2_test,mae_test,rmse_test,r2_train,mae_train,rmse_train,n_features,dropped_id_like,dropped_high_missing,dropped_constant,dropped_high_cardinality
last_days_to_follow_up,524,0.2500929589055594,384.3608170670303,557.0895484965328,0.6721296955002648,364.61583775338676,584.3257256771639,114,7,1,10,2
mean_age_at_dx,453,0.9985104196970731,167.62941501150212,242.23057908985245,0.998908057266647,124.63118504413075,183.743819854217,108,7,1,12,2
bmi_last,450,0.7131665039045805,1.9126177955556778,3.661622454704799,0.884874236560769,1.1507596914808962,1.9741345094116103,114,7,0,11,2
weight_last,419,0.776031639167321,3.8811334343750614,8.859385696809444,0.9809097359717279,1.7257947976878103,2.6261044112336114,110,7,0,11,2
height_last,405,0.8670387378951124,2.5670408071383664,3.3998941836532537,0.8405013492658706,2.412565618916628,4.395124502092749,110,7,0,11,2
