{
  "auroc": 0.9915108050755707,
  "auprc": 0.9956544390585689,
  "accuracy": 0.9531405782652044,
  "precision": 0.9602832512315271,
  "recall": 0.9671317829457364,
  "f1": 0.9636953499150317
}