{
  "auroc": 0.8714304274392621,
  "auprc": 0.8788155044216595,
  "accuracy": 0.843469591226321,
  "precision": 0.8125,
  "recall": 0.9835658914728682,
  "f1": 0.8898863795763782,
  "threshold": 0.5,
  "n_rows": 5015
}