{
  "auroc": 0.8419411764705882,
  "auprc": 0.6555608427924234,
  "accuracy": 0.8774289985052317,
  "precision": 0.9777777777777777,
  "recall": 0.352,
  "f1": 0.5176470588235295
}