{
  "auroc": 0.9925941708890909,
  "auprc": 0.9963917292527358,
  "accuracy": 0.964506480558325,
  "precision": 0.9801449732114718,
  "recall": 0.9643410852713178,
  "f1": 0.9721788058768365
}