{
  "auroc": 0.9430530709600478,
  "auprc": 0.9715708139177947,
  "accuracy": 0.8347107438016529,
  "precision": 0.9142857142857143,
  "recall": 0.8205128205128205,
  "f1": 0.8648648648648649
}