{
<<<<<<< HEAD
  "auroc": 0.9486247500786488,
  "auprc": 0.6131269130649185,
  "accuracy": 0.9753846153846154,
  "precision": 1.0,
  "recall": 0.34959349593495936,
  "f1": 0.5180722891566265
=======
  "r2": -0.300874924467714,
  "mae": 4.834268654222183,
  "rmse": 5.813791436579917
>>>>>>> 56aae0ceea2bf5a2765e2543d64f0e22b032b50e
}