{
  "domain_proba_summary": {
    "hcmi_tcga": {
      "n": 3225,
      "mean": 0.939381189600454,
      "median": 0.9977173373705059,
      "p10": 0.9739163007370282,
      "p25": 0.9977173373705059,
      "p75": 0.9980144827603061,
      "p90": 0.9980144827603061
    },
    "nhanes": {
      "n": 187,
      "mean": 0.07034769769886029,
      "median": 0.006474345896864343,
      "p10": 0.0038921703781767455,
      "p25": 0.0055746434418528475,
      "p75": 0.04596900620928805,
      "p90": 0.25668793652383715
    }
  },
  "unlabeled_age_bin_proba": {
    "<40": {
      "n": 50,
      "mean": 0.06522318665158786,
      "median": 0.006474345896864343
    },
    "40-49": {
      "n": 29,
      "mean": 0.07447701271718425,
      "median": 0.006066026049600058
    },
    "50-59": {
      "n": 45,
      "mean": 0.07835142178912517,
      "median": 0.007026263298837352
    },
    "60-69": {
      "n": 48,
      "mean": 0.05411693797554621,
      "median": 0.00619665566293516
    },
    "70-79": {
      "n": 13,
      "mean": 0.12318685300008049,
      "median": 0.009437420744418758
    },
    "80+": {
      "n": 2,
      "mean": 0.004585337985620127,
      "median": 0.004585337985620127
    }
  },
  "unlabeled_bmi_bin_proba": {
    "<18.5": {
      "n": 0,
      "mean": NaN,
      "median": NaN
    },
    "18.5-24.9": {
      "n": 0,
      "mean": NaN,
      "median": NaN
    },
    "25-29.9": {
      "n": 0,
      "mean": NaN,
      "median": NaN
    },
    "30-34.9": {
      "n": 0,
      "mean": NaN,
      "median": NaN
    },
    "35+": {
      "n": 0,
      "mean": NaN,
      "median": NaN
    }
  }
}