{
  "domain_proba_summary": {
    "hcmi_tcga": {
      "n": 3226,
      "mean": 0.9399890578927902,
      "median": 0.9998734421487501,
      "p10": 0.7423711908360549,
      "p25": 0.9998734421487501,
      "p75": 0.9998810410034503,
      "p90": 0.9998810410034503
    },
    "nhanes": {
      "n": 1790,
      "mean": 0.08496798479259021,
      "median": 0.025872112502474943,
      "p10": 0.006421431736462162,
      "p25": 0.010465350103265412,
      "p75": 0.06614201568210214,
      "p90": 0.19188776857224668
    }
  },
  "unlabeled_age_bin_proba": {
    "<40": {
      "n": 915,
      "mean": 0.035125411754960645,
      "median": 0.011608295847450436
    },
    "40-49": {
      "n": 168,
      "mean": 0.13759438257154577,
      "median": 0.04776045214471873
    },
    "50-59": {
      "n": 188,
      "mean": 0.16340755186418432,
      "median": 0.06655497777675559
    },
    "60-69": {
      "n": 281,
      "mean": 0.13654362094603142,
      "median": 0.06269195065672323
    },
    "70-79": {
      "n": 163,
      "mean": 0.14890940894902113,
      "median": 0.05440051806043539
    },
    "80+": {
      "n": 75,
      "mean": 0.04633965141247842,
      "median": 0.01343625473833593
    }
  },
  "unlabeled_bmi_bin_proba": {
    "<18.5": {
      "n": 189,
      "mean": 0.01069107016891894,
      "median": 0.008851870806154188
    },
    "18.5-24.9": {
      "n": 368,
      "mean": 0.04225850812803304,
      "median": 0.01805658672887224
    },
    "25-29.9": {
      "n": 338,
      "mean": 0.03476481095299443,
      "median": 0.02568130451785306
    },
    "30-34.9": {
      "n": 199,
      "mean": 0.036661425667560255,
      "median": 0.0335551403322843
    },
    "35+": {
      "n": 203,
      "mean": 0.026781234289041153,
      "median": 0.023740323311473032
    }
  }
}