{
  "threshold": 0.5,
  "metric": "manual",
  "min_precision": null,
  "best_val": {
    "auroc": 0.9925941708890909,
    "auprc": 0.9963917292527358,
    "accuracy": 0.9686939182452642,
    "precision": 0.9737492279184682,
    "recall": 0.9776744186046512,
    "f1": 0.9757078755995667,
    "threshold": 0.33,
    "pred_pos": 3238.0,
    "domain_pos_rate_gap": 0.9301883850850982,
    "domain_pos_rate_min": 0.04748603351955307,
    "domain_pos_rate_max": 0.9776744186046512
  },
  "domain_penalty_weight": 0.0,
  "min_threshold": 0.1,
  "max_threshold": 0.5,
  "min_recall": 0.8,
  "pu_label_smoothing": 0.0,
  "pu_unlabeled_domain": "nhanes",
  "pu_target_pos_rate": null,
  "pu_target_weight": 0.0,
  "calibrated": false,
  "calibration_method": null,
  "max_proba": 0.7
}