{
  "threshold": 0.06,
  "metric": "recall",
  "min_precision": 0.2,
  "best_val": {
    "auroc": 0.9486247500786488,
    "auprc": 0.6131269130649185,
    "accuracy": 0.8843076923076924,
    "precision": 0.22795698924731184,
    "recall": 0.8617886178861789,
    "f1": 0.36054421768707484,
    "threshold": 0.06,
    "pred_pos": 465.0
  }
}