epoch,auroc,auprc
1,0.9925941708890909,0.9963917292527358
