epoch,auroc,auprc
1,0.9915108050755707,0.9956544390585689
