epoch,auroc,auprc
1,0.9430530709600478,0.9715708139177947
