{
  "baseline": {
    "brier_score": 0.02413841903820455,
    "max_abs_error": 0.34043515257069235,
    "mean_abs_error": 0.11002970149646121,
    "mean_signed_error": 0.08213682508878581,
    "n_bins_present": 10,
    "n_bins_total": 10,
    "n_test": 3615,
    "over_bins": 7,
    "under_bins": 3
  },
  "bins": [
    0.0,
    0.1,
    0.2,
    0.30000000000000004,
    0.4,
    0.5,
    0.6000000000000001,
    0.7000000000000001,
    0.8,
    0.9,
    1.0
  ],
  "calibrated_reweighted": {
    "brier_score": 0.023373596912875733,
    "max_abs_error": 0.3030013855537639,
    "mean_abs_error": 0.0730067989607074,
    "mean_signed_error": 0.05696031994342619,
    "n_bins_present": 6,
    "n_bins_total": 10,
    "n_test": 3615,
    "over_bins": 4,
    "under_bins": 2
  }
}