{
  "auroc": 0.9730601922966022,
  "auprc": 0.9094844823222478,
  "accuracy": 0.9742738589211618,
  "precision": 0.973621103117506,
  "recall": 0.8319672131147541,
  "f1": 0.8972375690607735,
  "threshold": 0.5,
  "n_rows": 3615
}