{
  "calibration_summary": {
    "brier_score": 0.023373596912875733,
    "n_bins": 10,
    "n_test": 3615
  },
  "model_bundle_path": "results_calibrated_reweighted/model_bundle.joblib",
  "model_choice": "calibrated_reweighted",
  "test_metrics": {
    "accuracy": 0.9742738589211618,
    "auprc": 0.9094844823222478,
    "auroc": 0.9730601922966022,
    "f1": 0.8972375690607735,
    "n_rows": 3615,
    "precision": 0.973621103117506,
    "recall": 0.8319672131147541,
    "threshold": 0.5
  },
  "threshold": 0.5
}