{
  "auroc": 0.9086827956989247,
  "auprc": 0.6041565187681303,
  "accuracy": 0.9063444108761329,
  "precision": 0.5,
  "recall": 0.45161290322580644,
  "f1": 0.4745762711864407,
  "tp": 28,
  "fp": 28,
  "tn": 572,
  "fn": 34,
  "threshold": 0.25,
  "n_rows": 662
}