{
  "auroc": 0.9597556947537148,
  "auprc": 0.9169526460326705,
  "accuracy": 0.972606530160487,
  "precision": 0.9575471698113207,
  "recall": 0.8336755646817249,
  "f1": 0.8913282107574094
}