feature,train_mean,test_mean,train_std,test_std,train_missing_rate,test_missing_rate,smd
age_years,49.803320880033205,50.300083033490175,17.597701031823092,17.625595110042006,0.00023714946344933894,0.0005532503457814661,-0.028206445852582633
height_last,168.0706898843546,167.81846844059407,10.108029297235872,10.026638856523151,0.10796229323531155,0.10594744121715076,0.025053244601104006
weight_last,83.01098036093418,82.35379289026275,23.302942290695878,22.85510926804031,0.10642082172289086,0.10511756569847856,0.028474188986625966
bmi_last,29.294337245540746,29.173763906056863,7.789361225571598,7.44467326256046,0.10588723543012984,0.10484094052558783,0.015825418805585228
tobacco_smoking_status_any,0.44546605370111264,0.444686140459913,0.49703370944620073,0.4970081870727739,0.11015592577221794,0.10982019363762102,0.001569175793643585
