feature,label0_mean,label1_mean,label0_std,label1_std,label0_missing_rate,label1_missing_rate,smd
age_years,48.993764090756464,56.05347115087936,17.337047400716216,17.796680605406436,0.0,0.0024622960911049553,-0.40184195685636437
height_last,167.96563870101213,168.7153798449612,10.028010224189398,11.284716002938863,0.0,0.801477377654663,-0.07023420151847694
weight_last,83.01686909387442,78.02412407680944,23.235421962152326,19.848454932101962,0.0,0.7916281932902431,0.2310557357734995
bmi_last,29.33315584976256,27.470144927536236,7.538231899116575,11.196410176917993,0.0,0.7876269621421976,0.1951976736402003
tobacco_smoking_status_any,0.42730368878016023,1.0,0.4946988836953466,0.0,0.0,0.8214835333948908,-1.637187624920769
