model,threshold_type,threshold,auroc,auprc,accuracy,precision,recall,f1
logreg,default_0.5,0.5,0.8999663166393181,0.7793579596521458,0.8666666666666667,0.5042016806722689,0.7377049180327869,0.5990016638935108
logreg,best_recall_on_val,0.03,0.8999663166393181,0.7793579596521458,0.1892116182572614,0.142731792921907,1.0,0.24980803685692346
logreg,best_f1_on_val,0.75,0.8999663166393181,0.7793579596521458,0.9421853388658368,0.9761092150170648,0.5860655737704918,0.7323943661971831
mlp,default_0.5,0.5,0.9553878960088495,0.9030272638645975,0.9712309820193638,0.9776119402985075,0.805327868852459,0.8831460674157303
mlp,best_recall_on_val,0.0,0.9553878960088495,0.9030272638645975,0.13499308437067772,0.13499308437067772,1.0,0.23787472581038266
mlp,best_f1_on_val,0.56,0.9553878960088495,0.9030272638645975,0.972060857538036,0.9874055415617129,0.8032786885245902,0.8858757062146893
