{
  "auroc": 0.9592863845827196,
  "auprc": 0.9162052081630813,
  "best_recall": {
    "threshold": 0.0,
    "precision": 0.13499308437067772,
    "recall": 1.0,
    "f1": 0.23787472581038266,
    "accuracy": 0.13499308437067772,
    "tp": 488.0,
    "fp": 3127.0,
    "tn": 0.0,
    "fn": 0.0
  },
  "best_f1": {
    "threshold": 0.64,
    "precision": 0.9830508474576272,
    "recall": 0.8319672131147541,
    "f1": 0.9012208657047724,
    "accuracy": 0.9753803596127247,
    "tp": 406.0,
    "fp": 7.0,
    "tn": 3120.0,
    "fn": 82.0
  }
}