{
  "auroc": 0.8370587947324619,
  "auprc": 0.7114116832652024,
  "accuracy": 0.8813775510204082,
  "precision": 0.9615384615384616,
  "recall": 0.45454545454545453,
  "f1": 0.6172839506172839,
  "tp": 75,
  "fp": 3,
  "tn": 616,
  "fn": 90,
  "threshold": 0.5,
  "n_rows": 784
}