{
  "auroc": 0.9592863845827196,
  "auprc": 0.9162052081630813,
  "accuracy": 0.9745504840940525,
  "precision": 0.9691943127962085,
  "recall": 0.8381147540983607,
  "f1": 0.8989010989010989,
  "tp": 409,
  "fp": 13,
  "tn": 3114,
  "fn": 79,
  "threshold": 0.5,
  "n_rows": 3615
}