{
  "auroc": 0.8696655815329979,
  "auprc": 0.7181931533857664,
  "accuracy": 0.852017937219731,
  "precision": 0.5862068965517241,
  "recall": 0.6854838709677419,
  "f1": 0.6319702602230484,
  "tp": 85,
  "fp": 60,
  "tn": 485,
  "fn": 39,
  "threshold": 0.25,
  "n_rows": 669
}